1202226,1,2020.12.24 14:55:00,2020.12.24 16:20:00,34.89,USDCHF,0
1202226,2,2020.12.28 13:30:00,2020.12.28 13:45:00,11.05,USDCHF,0
1202226,3,2020.12.29 04:30:00,2020.12.29 04:45:00,10.48,USDCHF,1
1202226,4,2020.12.29 05:55:00,2020.12.29 09:50:00,0.00,USDCHF,1
1202226,5,2020.12.29 11:45:00,2020.12.29 16:55:00,56.60,USDCHF,1
1202226,6,2020.12.29 18:15:00,2020.12.30 01:05:00,14.84,USDCHF,1
1202226,7,2020.12.30 03:35:00,2020.12.30 08:55:00,0.00,USDCHF,1
1202226,8,2020.12.30 16:05:00,2020.12.30 17:50:00,12.76,USDCHF,1
1202226,9,2020.12.30 21:00:00,2020.12.30 22:40:00,19.05,USDCHF,1
1202226,10,2020.12.30 23:40:00,2020.12.31 04:50:00,-5.77,USDCHF,1
1202226,11,2020.12.31 09:30:00,2020.12.31 09:55:00,21.73,USDCHF,1
1202226,12,2020.12.31 13:25:00,2020.12.31 16:40:00,0.00,USDCHF,1
1202226,13,2020.12.31 21:15:00,2021.01.04 09:50:00,-43.07,USDCHF,0
1202226,14,2021.01.04 10:50:00,2021.01.04 11:25:00,15.00,USDCHF,1
1202226,15,2021.01.04 13:25:00,2021.01.06 02:55:00,33.79,USDCHF,1
1202226,16,2021.01.06 09:10:00,2021.01.06 11:45:00,0.00,USDCHF,1
1202226,17,2021.01.07 00:25:00,2021.01.07 02:40:00,0.00,USDCHF,1
1202226,18,2021.01.07 12:30:00,2021.01.07 17:20:00,33.86,USDCHF,0
1202226,19,2021.01.08 03:20:00,2021.01.08 13:55:00,-73.22,USDCHF,0
1202226,20,2021.01.08 20:40:00,2021.01.11 03:20:00,19.94,USDCHF,0
1202226,21,2021.01.11 12:40:00,2021.01.11 16:35:00,0.00,USDCHF,0
1202226,22,2021.01.11 23:55:00,2021.01.12 08:55:00,0.12,USDCHF,0
1202226,23,2021.01.13 02:05:00,2021.01.13 06:25:00,0.00,USDCHF,1
1202226,24,2021.01.13 12:50:00,2021.01.13 17:35:00,-67.73,USDCHF,0
1202226,25,2021.01.14 14:25:00,2021.01.14 14:35:00,21.84,USDCHF,0
1202226,26,2021.01.15 17:05:00,2021.01.18 00:10:00,0.08,USDCHF,0
1202226,27,2021.01.18 01:55:00,2021.01.18 13:45:00,-42.60,USDCHF,0
1202226,28,2021.01.19 13:05:00,2021.01.20 12:15:00,-50.49,USDCHF,1
1202226,29,2021.01.20 14:55:00,2021.01.20 16:55:00,13.46,USDCHF,0
1202226,30,2021.01.21 13:50:00,2021.01.21 18:30:00,0.00,USDCHF,1
1202226,31,2021.01.21 20:35:00,2021.01.21 22:55:00,27.66,USDCHF,1
1202226,32,2021.01.22 04:15:00,2021.01.22 14:15:00,0.00,USDCHF,1
1202220,1,2020.12.24 03:00:00,2020.12.24 09:30:00,58.05,GBPUSD,0
1202220,2,2020.12.24 12:15:00,2020.12.24 17:55:00,-64.71,GBPUSD,0
1202220,3,2020.12.28 05:35:00,2020.12.28 11:50:00,-41.58,GBPUSD,0
1202220,4,2020.12.30 04:30:00,2020.12.30 04:50:00,15.39,GBPUSD,0
1202220,5,2020.12.30 06:50:00,2020.12.30 08:00:00,0.00,GBPUSD,0
1202220,6,2020.12.30 09:25:00,2020.12.30 11:00:00,14.79,GBPUSD,0
1202220,7,2020.12.30 12:25:00,2020.12.30 15:10:00,0.00,GBPUSD,0
1202220,8,2020.12.31 01:45:00,2020.12.31 03:10:00,34.00,GBPUSD,0
1202220,9,2020.12.31 04:10:00,2020.12.31 10:50:00,34.00,GBPUSD,0
1202220,10,2020.12.31 12:35:00,2021.01.04 06:30:00,-1.18,GBPUSD,0
1202220,11,2021.01.04 11:05:00,2021.01.04 13:05:00,21.12,GBPUSD,0
1202220,12,2021.01.06 01:45:00,2021.01.06 02:55:00,21.30,GBPUSD,0
1202220,13,2021.01.07 01:35:00,2021.01.07 01:55:00,5.76,GBPUSD,0
1202220,14,2021.01.07 08:05:00,2021.01.07 09:40:00,18.60,GBPUSD,1
1202220,15,2021.01.07 23:50:00,2021.01.08 04:45:00,-0.63,GBPUSD,1
1202220,16,2021.01.08 20:15:00,2021.01.08 20:45:00,31.95,GBPUSD,1
1202220,17,2021.01.11 01:25:00,2021.01.11 01:45:00,4.30,GBPUSD,1
1202220,18,2021.01.11 03:30:00,2021.01.11 08:35:00,0.00,GBPUSD,1
1202220,19,2021.01.12 20:40:00,2021.01.12 21:45:00,18.00,GBPUSD,0
1202220,20,2021.01.12 23:05:00,2021.01.13 03:05:00,-0.54,GBPUSD,0
1202220,21,2021.01.13 04:20:00,2021.01.13 06:30:00,0.00,GBPUSD,0
1202220,22,2021.01.13 09:35:00,2021.01.13 16:30:00,-101.60,GBPUSD,0
1202220,23,2021.01.14 17:55:00,2021.01.14 18:00:00,9.00,GBPUSD,0
1202220,24,2021.01.14 18:55:00,2021.01.14 19:05:00,13.28,GBPUSD,0
1202220,25,2021.01.14 22:30:00,2021.01.14 23:40:00,0.00,GBPUSD,0
1202220,26,2021.01.15 17:25:00,2021.01.15 17:55:00,3.40,GBPUSD,1
1202220,27,2021.01.15 20:30:00,2021.01.18 02:00:00,9.86,GBPUSD,1
1202220,28,2021.01.18 06:30:00,2021.01.18 10:20:00,44.00,GBPUSD,1
1202220,29,2021.01.18 14:40:00,2021.01.18 18:20:00,-70.56,GBPUSD,1
1202220,30,2021.01.19 23:55:00,2021.01.20 03:15:00,-1.47,GBPUSD,0
1202220,31,2021.01.20 08:10:00,2021.01.20 11:05:00,52.44,GBPUSD,0
1202220,32,2021.01.20 12:00:00,2021.01.20 12:05:00,9.01,GBPUSD,0
1202220,33,2021.01.20 13:15:00,2021.01.20 17:10:00,-74.24,GBPUSD,0
1202220,34,2021.01.21 05:25:00,2021.01.21 10:45:00,65.80,GBPUSD,0
1202220,35,2021.01.21 17:25:00,2021.01.22 00:25:00,-0.93,GBPUSD,0
1202227,1,2020.12.24 11:40:00,2020.12.24 17:05:00,31.28,USDJPY,0
1202227,2,2020.12.28 16:30:00,2020.12.28 17:15:00,16.59,USDJPY,0
1202227,3,2020.12.28 18:25:00,2020.12.29 05:35:00,-44.36,USDJPY,0
1202227,4,2020.12.29 21:55:00,2020.12.30 02:55:00,11.44,USDJPY,1
1202227,5,2020.12.30 03:50:00,2020.12.30 08:20:00,0.00,USDJPY,1
1202227,6,2020.12.30 11:05:00,2020.12.30 14:15:00,62.09,USDJPY,1
1202227,7,2020.12.30 15:20:00,2020.12.30 19:05:00,-80.23,USDJPY,1
1202227,8,2020.12.31 01:55:00,2020.12.31 09:05:00,0.00,USDJPY,1
1202227,9,2020.12.31 16:50:00,2020.12.31 17:25:00,24.99,USDJPY,1
1202227,10,2021.01.04 03:40:00,2021.01.04 04:25:00,32.14,USDJPY,1
1202227,11,2021.01.04 05:35:00,2021.01.04 10:40:00,56.42,USDJPY,1
1202227,12,2021.01.04 11:35:00,2021.01.04 16:15:00,-48.19,USDJPY,1
1202227,13,2021.01.05 06:00:00,2021.01.05 18:35:00,163.52,USDJPY,1
1202227,14,2021.01.06 01:05:00,2021.01.06 02:10:00,24.43,USDJPY,1
1202227,15,2021.01.07 07:35:00,2021.01.07 08:05:00,20.26,USDJPY,0
1202227,16,2021.01.07 09:10:00,2021.01.07 10:20:00,34.66,USDJPY,0
1202227,17,2021.01.07 11:15:00,2021.01.07 12:45:00,38.58,USDJPY,0
1202227,18,2021.01.07 14:05:00,2021.01.07 17:20:00,30.79,USDJPY,0
1202227,19,2021.01.07 19:30:00,2021.01.08 15:50:00,-45.67,USDJPY,0
1202227,20,2021.01.11 03:40:00,2021.01.11 07:45:00,0.00,USDJPY,0
1202227,21,2021.01.11 15:35:00,2021.01.11 21:25:00,-66.43,USDJPY,0
1202227,22,2021.01.13 02:10:00,2021.01.13 02:50:00,14.44,USDJPY,1
1202227,23,2021.01.13 03:45:00,2021.01.13 11:35:00,-40.18,USDJPY,1
1202227,24,2021.01.13 23:50:00,2021.01.14 01:55:00,-55.48,USDJPY,0
1202227,25,2021.01.14 08:25:00,2021.01.14 16:00:00,0.00,USDJPY,0
1202227,26,2021.01.14 17:05:00,2021.01.14 17:35:00,-102.18,USDJPY,0
1202227,27,2021.01.14 22:45:00,2021.01.15 00:10:00,-0.98,USDJPY,1
1202227,28,2021.01.15 12:35:00,2021.01.15 16:50:00,-81.83,USDJPY,1
1202227,29,2021.01.18 17:45:00,2021.01.19 03:30:00,-55.88,USDJPY,1
1202227,30,2021.01.19 08:45:00,2021.01.19 09:05:00,7.75,USDJPY,0
1202227,31,2021.01.20 08:15:00,2021.01.20 15:05:00,-49.46,USDJPY,1
1202227,32,2021.01.20 17:20:00,2021.01.21 10:00:00,-3.83,USDJPY,1
1202227,33,2021.01.21 12:05:00,2021.01.21 14:25:00,18.98,USDJPY,1
1202227,34,2021.01.22 15:00:00,2021.01.22 15:35:00,22.81,USDJPY,0
1202214,1,2020.12.24 04:30:00,2020.12.24 12:10:00,-52.56,EURUSD,0
1202214,2,2020.12.28 08:00:00,2020.12.28 12:20:00,0.00,EURUSD,0
1202214,3,2020.12.28 17:30:00,2020.12.28 20:50:00,-58.75,EURUSD,0
1202214,4,2020.12.29 02:35:00,2020.12.29 05:35:00,14.10,EURUSD,0
1202214,5,2020.12.29 06:40:00,2020.12.29 09:30:00,16.80,EURUSD,0
1202214,6,2020.12.29 10:30:00,2020.12.30 02:55:00,36.68,EURUSD,0
1202214,7,2020.12.30 04:30:00,2020.12.30 08:00:00,0.00,EURUSD,0
1202214,8,2020.12.30 20:45:00,2020.12.31 03:00:00,42.92,EURUSD,0
1202214,9,2020.12.31 04:10:00,2020.12.31 11:30:00,-71.34,EURUSD,0
1202214,10,2020.12.31 20:45:00,2021.01.04 09:15:00,-48.44,EURUSD,1
1202214,11,2021.01.04 11:30:00,2021.01.04 14:45:00,0.00,EURUSD,0
1202214,12,2021.01.04 22:35:00,2021.01.05 04:45:00,-38.95,EURUSD,1
1202214,13,2021.01.05 11:30:00,2021.01.05 17:15:00,-50.25,EURUSD,0
1202214,14,2021.01.05 19:05:00,2021.01.06 02:55:00,15.34,EURUSD,0
1202214,15,2021.01.06 07:30:00,2021.01.06 09:10:00,57.04,EURUSD,0
1202214,16,2021.01.07 01:20:00,2021.01.07 02:20:00,5.85,EURUSD,0
1202214,17,2021.01.07 14:00:00,2021.01.07 17:20:00,11.64,EURUSD,1
1202214,18,2021.01.07 19:30:00,2021.01.08 03:15:00,12.65,EURUSD,1
1202214,19,2021.01.08 10:40:00,2021.01.08 15:50:00,-99.94,EURUSD,1
1202214,20,2021.01.08 20:40:00,2021.01.11 03:20:00,21.93,EURUSD,1
1202214,21,2021.01.11 04:15:00,2021.01.11 14:40:00,0.00,EURUSD,1
1202214,22,2021.01.11 15:35:00,2021.01.11 17:25:00,0.00,EURUSD,1
1202214,23,2021.01.11 22:30:00,2021.01.12 01:20:00,-0.34,EURUSD,1
1202214,24,2021.01.12 06:30:00,2021.01.12 09:30:00,-83.08,EURUSD,1
1202214,25,2021.01.13 02:20:00,2021.01.13 05:25:00,0.00,EURUSD,0
1202214,26,2021.01.13 14:00:00,2021.01.13 19:20:00,27.20,EURUSD,1
1202214,27,2021.01.13 21:00:00,2021.01.14 00:20:00,-0.46,EURUSD,1
1202214,28,2021.01.14 05:30:00,2021.01.14 09:55:00,9.24,EURUSD,1
1202214,29,2021.01.14 14:30:00,2021.01.14 14:35:00,18.55,EURUSD,1
1202214,30,2021.01.14 15:30:00,2021.01.14 19:45:00,-76.33,EURUSD,1
1202214,31,2021.01.15 08:55:00,2021.01.15 11:05:00,0.00,EURUSD,1
1202214,32,2021.01.15 13:10:00,2021.01.15 14:10:00,21.17,EURUSD,1
1202214,33,2021.01.15 16:05:00,2021.01.15 16:10:00,12.88,EURUSD,1
1202214,34,2021.01.15 17:10:00,2021.01.18 01:25:00,-0.10,EURUSD,1
1202214,35,2021.01.18 05:25:00,2021.01.18 06:35:00,21.76,EURUSD,1
1202214,36,2021.01.18 12:40:00,2021.01.19 02:30:00,-78.93,EURUSD,1
1202214,37,2021.01.19 15:45:00,2021.01.19 16:15:00,4.93,EURUSD,0
1202214,38,2021.01.19 22:15:00,2021.01.20 02:30:00,102.14,EURUSD,0
1202214,39,2021.01.20 04:30:00,2021.01.20 10:15:00,0.00,EURUSD,0
1202214,40,2021.01.20 14:05:00,2021.01.20 16:05:00,0.00,EURUSD,1
1202214,41,2021.01.20 19:50:00,2021.01.21 03:15:00,-44.54,EURUSD,1
1202214,42,2021.01.21 07:40:00,2021.01.21 11:50:00,22.25,EURUSD,0
1202214,43,2021.01.21 14:10:00,2021.01.21 15:15:00,27.26,EURUSD,0
1202214,44,2021.01.21 21:00:00,2021.01.22 02:10:00,34.51,EURUSD,0
1202204,1,2020.12.24 02:45:00,2020.12.24 03:25:00,25.48,AUDUSD,0
1202204,2,2020.12.24 04:40:00,2020.12.24 10:20:00,17.86,AUDUSD,0
1202204,3,2020.12.24 14:15:00,2020.12.28 12:15:00,-2.71,AUDUSD,0
1202204,4,2020.12.29 05:50:00,2020.12.29 11:25:00,0.00,AUDUSD,0
1202204,5,2020.12.29 15:50:00,2020.12.29 18:15:00,50.96,AUDUSD,0
1202204,6,2020.12.29 19:10:00,2020.12.30 05:05:00,56.94,AUDUSD,0
1202204,7,2020.12.30 06:15:00,2020.12.30 08:25:00,0.00,AUDUSD,0
1202204,8,2020.12.30 12:35:00,2020.12.30 15:40:00,0.00,AUDUSD,0
1202204,9,2020.12.30 23:25:00,2020.12.31 03:10:00,77.50,AUDUSD,0
1202204,10,2020.12.31 04:10:00,2020.12.31 12:50:00,56.00,AUDUSD,0
1202204,11,2020.12.31 13:50:00,2020.12.31 19:50:00,-68.25,AUDUSD,0
1202204,12,2021.01.04 09:15:00,2021.01.04 12:10:00,48.00,AUDUSD,0
1202204,13,2021.01.04 22:35:00,2021.01.05 04:45:00,-45.82,AUDUSD,1
1202204,14,2021.01.05 06:05:00,2021.01.05 07:20:00,9.72,AUDUSD,0
1202204,15,2021.01.05 18:05:00,2021.01.05 18:35:00,20.88,AUDUSD,0
1202204,16,2021.01.05 20:00:00,2021.01.05 23:00:00,0.00,AUDUSD,0
1202204,17,2021.01.06 01:55:00,2021.01.06 06:25:00,13.52,AUDUSD,0
1202204,18,2021.01.06 08:05:00,2021.01.06 08:15:00,13.50,AUDUSD,0
1202204,19,2021.01.06 09:10:00,2021.01.06 12:45:00,32.00,AUDUSD,0
1202204,20,2021.01.06 20:10:00,2021.01.07 00:15:00,-2.96,AUDUSD,0
1202204,21,2021.01.07 01:25:00,2021.01.07 08:00:00,-61.94,AUDUSD,0
1202204,22,2021.01.07 23:15:00,2021.01.08 03:10:00,-40.86,AUDUSD,0
1202204,23,2021.01.08 07:20:00,2021.01.08 08:40:00,30.60,AUDUSD,0
1202204,24,2021.01.08 13:30:00,2021.01.08 14:00:00,11.96,AUDUSD,0
1202204,25,2021.01.11 05:50:00,2021.01.11 06:55:00,10.53,AUDUSD,1
1202204,26,2021.01.11 15:35:00,2021.01.11 17:20:00,0.00,AUDUSD,1
1202204,27,2021.01.11 23:50:00,2021.01.12 07:35:00,-0.83,AUDUSD,1
1202204,28,2021.01.12 21:40:00,2021.01.13 00:15:00,-0.48,AUDUSD,0
1202204,29,2021.01.13 02:10:00,2021.01.13 11:15:00,-33.96,AUDUSD,0
1202204,30,2021.01.14 07:50:00,2021.01.14 14:40:00,0.00,AUDUSD,0
1202204,31,2021.01.14 18:30:00,2021.01.14 20:00:00,44.00,AUDUSD,0
1202204,32,2021.01.15 10:50:00,2021.01.15 15:55:00,11.05,AUDUSD,1
1202204,33,2021.01.15 16:50:00,2021.01.15 17:00:00,17.34,AUDUSD,1
1202204,34,2021.01.15 17:55:00,2021.01.18 02:00:00,16.23,AUDUSD,1
1202204,35,2021.01.18 05:30:00,2021.01.18 07:20:00,22.88,AUDUSD,1
1202204,36,2021.01.18 10:15:00,2021.01.18 13:40:00,0.00,AUDUSD,1
1202204,37,2021.01.19 19:20:00,2021.01.19 22:00:00,0.00,AUDUSD,1
1202204,38,2021.01.20 07:10:00,2021.01.20 08:40:00,32.94,AUDUSD,0
1202204,39,2021.01.20 17:25:00,2021.01.21 09:30:00,-2.85,AUDUSD,0
1202204,40,2021.01.21 14:05:00,2021.01.21 18:45:00,-103.60,AUDUSD,0
1202204,41,2021.01.22 13:20:00,2021.01.22 15:55:00,0.00,AUDUSD,1
1202225,1,2020.12.24 17:00:00,2020.12.24 17:25:00,17.90,USDCAD,1
1202225,2,2020.12.24 19:55:00,2020.12.28 00:10:00,-101.67,USDCAD,1
1202225,3,2020.12.28 09:00:00,2020.12.28 11:40:00,51.78,USDCAD,1
1202225,4,2020.12.29 04:35:00,2020.12.29 09:15:00,33.29,USDCAD,1
1202225,5,2020.12.29 12:40:00,2020.12.29 16:50:00,51.63,USDCAD,1
1202225,6,2020.12.29 19:05:00,2020.12.30 07:55:00,-1.32,USDCAD,1
1202225,7,2020.12.30 09:00:00,2020.12.30 09:10:00,15.88,USDCAD,1
1202225,8,2020.12.30 18:25:00,2020.12.31 05:15:00,-2.44,USDCAD,1
1202225,9,2020.12.31 06:15:00,2020.12.31 09:10:00,22.80,USDCAD,1
1202225,10,2020.12.31 13:30:00,2020.12.31 13:50:00,21.28,USDCAD,1
1202225,11,2021.01.04 01:15:00,2021.01.04 03:35:00,19.59,USDCAD,1
1202225,12,2021.01.04 04:35:00,2021.01.04 06:35:00,0.00,USDCAD,1
1202225,13,2021.01.04 08:10:00,2021.01.04 09:05:00,9.72,USDCAD,1
1202225,14,2021.01.04 10:50:00,2021.01.04 10:55:00,9.37,USDCAD,1
1202225,15,2021.01.04 12:05:00,2021.01.04 17:25:00,-89.65,USDCAD,1
1202225,16,2021.01.04 22:50:00,2021.01.05 05:25:00,-34.12,USDCAD,0
1202225,17,2021.01.05 13:10:00,2021.01.05 15:35:00,-57.31,USDCAD,1
1202225,18,2021.01.05 19:00:00,2021.01.05 20:25:00,41.43,USDCAD,1
1202225,19,2021.01.05 21:25:00,2021.01.06 12:50:00,16.99,USDCAD,1
1202225,20,2021.01.07 23:10:00,2021.01.08 10:15:00,-48.75,USDCAD,1
1202225,21,2021.01.11 04:00:00,2021.01.11 10:15:00,0.00,USDCAD,0
1202225,22,2021.01.11 12:25:00,2021.01.11 14:45:00,0.00,USDCAD,0
1202225,23,2021.01.11 15:40:00,2021.01.12 07:55:00,-74.19,USDCAD,0
1202225,24,2021.01.12 17:00:00,2021.01.12 18:50:00,-55.12,USDCAD,0
1202225,25,2021.01.13 02:00:00,2021.01.13 11:10:00,-34.45,USDCAD,1
1202225,26,2021.01.13 20:15:00,2021.01.14 11:55:00,29.26,USDCAD,1
1202225,27,2021.01.14 18:30:00,2021.01.14 20:25:00,0.00,USDCAD,1
1202225,28,2021.01.15 17:10:00,2021.01.18 03:40:00,14.88,USDCAD,0
1202225,29,2021.01.18 05:30:00,2021.01.18 06:00:00,4.65,USDCAD,0
1202225,30,2021.01.18 06:55:00,2021.01.18 12:20:00,0.00,USDCAD,0
1202225,31,2021.01.19 16:50:00,2021.01.19 17:00:00,21.06,USDCAD,0
1202225,32,2021.01.20 04:10:00,2021.01.20 14:30:00,0.00,USDCAD,1
1202225,33,2021.01.20 16:40:00,2021.01.20 17:05:00,14.18,USDCAD,1
1202225,34,2021.01.20 18:15:00,2021.01.21 01:05:00,-1.74,USDCAD,1
1202225,35,2021.01.21 03:05:00,2021.01.21 15:50:00,7.89,USDCAD,1
1202225,36,2021.01.22 12:20:00,2021.01.22 14:45:00,19.04,USDCAD,0
1202225,37,2021.01.22 15:40:00,2021.01.22 17:50:00,8.65,USDCAD,0
1202220,206849901,2021.01.25 05:30:00,2021.01.25 09:11:39,-0.21,GBPUSD,0
1202204,206855091,2021.01.25 07:30:02,2021.01.25 11:50:05,-47.25,AUDUSD,0
1202220,206985097,2021.01.25 21:25:02,2021.01.25 22:40:08,-0.34,GBPUSD,1
1202226,207007164,2021.01.26 02:45:02,2021.01.26 08:07:55,21.80,USDCHF,0
1202220,207028872,2021.01.26 08:10:00,2021.01.26 08:37:40,8.80,GBPUSD,1
1202204,206960009,2021.01.25 18:10:01,2021.01.26 10:10:37,-0.22,AUDUSD,1
1202225,206959979,2021.01.25 18:10:00,2021.01.26 13:25:02,-35.26,USDCAD,0
1202220,207117454,2021.01.26 16:50:01,2021.01.26 17:57:21,4.04,GBPUSD,0
1202225,207158245,2021.01.26 20:10:02,2021.01.26 23:05:02,0.00,USDCAD,1
1202227,207166994,2021.01.26 21:45:04,2021.01.27 00:05:00,-52.23,USDJPY,1
1202225,207179439,2021.01.27 00:20:04,2021.01.27 02:30:32,0.11,USDCAD,1
1202204,207120838,2021.01.26 17:05:02,2021.01.27 03:08:53,-0.14,AUDUSD,0
1202214,207120822,2021.01.26 17:05:01,2021.01.27 08:00:29,-0.21,EURUSD,0
1202220,207186376,2021.01.27 02:05:08,2021.01.27 10:15:05,-0.07,GBPUSD,0
1202226,207173181,2021.01.26 22:45:02,2021.01.27 11:15:10,-17.32,USDCHF,1
1202225,207207735,2021.01.27 06:40:07,2021.01.27 11:21:15,-0.12,USDCAD,0
1202214,207261407,2021.01.27 12:40:01,2021.01.27 13:26:35,2.72,EURUSD,1
1202214,207274491,2021.01.27 13:45:02,2021.01.27 14:45:02,2.43,EURUSD,1
1202225,207274512,2021.01.27 13:45:03,2021.01.27 14:57:44,9.55,USDCAD,0
1202204,207270900,2021.01.27 13:30:03,2021.01.27 15:00:46,17.28,AUDUSD,1
1202227,207274522,2021.01.27 13:45:04,2021.01.27 15:18:20,25.64,USDJPY,0
1202225,207310426,2021.01.27 16:05:02,2021.01.27 16:18:35,3.32,USDCAD,0
1202214,207304870,2021.01.27 15:45:02,2021.01.27 16:37:03,7.86,EURUSD,1
1202204,207301854,2021.01.27 15:35:02,2021.01.27 16:37:59,5.55,AUDUSD,1
1202225,207320558,2021.01.27 16:40:01,2021.01.27 16:49:06,3.11,USDCAD,0
1202226,207306329,2021.01.27 15:50:02,2021.01.27 17:41:03,-0.22,USDCHF,0
1202225,207397976,2021.01.27 22:00:05,2021.01.28 00:05:00,-0.66,USDCAD,0
1202204,207386176,2021.01.27 21:20:02,2021.01.28 01:37:44,29.33,AUDUSD,1
1202220,207420413,2021.01.28 00:30:02,2021.01.28 01:36:15,0.27,GBPUSD,1
1202227,207315254,2021.01.27 16:25:01,2021.01.28 02:06:23,36.85,USDJPY,0
1202226,207408430,2021.01.27 22:45:06,2021.01.28 02:30:56,4.76,USDCHF,0
1202214,207407355,2021.01.27 22:40:02,2021.01.28 03:40:04,-0.10,EURUSD,1
1202227,207439741,2021.01.28 03:30:01,2021.01.28 04:48:13,9.20,USDJPY,0
1202214,207446545,2021.01.28 04:50:01,2021.01.28 07:31:02,0.00,EURUSD,1
1202204,207431307,2021.01.28 02:25:01,2021.01.28 09:08:27,5.97,AUDUSD,1
1202225,207430236,2021.01.28 02:15:02,2021.01.28 09:08:28,4.86,USDCAD,0
1202220,207432062,2021.01.28 02:30:01,2021.01.28 10:56:09,4.06,GBPUSD,1
1202225,207478867,2021.01.28 09:25:03,2021.01.28 10:56:21,6.22,USDCAD,0
1202204,207479963,2021.01.28 09:30:02,2021.01.28 11:57:36,0.00,AUDUSD,1
1202204,207533932,2021.01.28 13:35:01,2021.01.28 14:15:09,-0.06,AUDUSD,1
1202226,207435093,2021.01.28 02:55:01,2021.01.28 14:25:57,0.00,USDCHF,0
1202227,207453144,2021.01.28 05:55:24,2021.01.28 15:04:11,0.69,USDJPY,0
1202220,207510132,2021.01.28 11:35:03,2021.01.28 15:58:46,-14.76,GBPUSD,1
1202225,207507842,2021.01.28 11:25:06,2021.01.28 16:33:06,-16.54,USDCAD,0
1202226,207550142,2021.01.28 15:05:02,2021.01.28 16:37:20,-15.13,USDCHF,0
1202220,207613364,2021.01.28 19:15:01,2021.01.28 20:03:26,1.62,GBPUSD,0
1202220,207622751,2021.01.28 20:20:05,2021.01.28 20:41:46,1.94,GBPUSD,0
1202220,207629237,2021.01.28 21:10:00,2021.01.29 06:15:06,-9.50,GBPUSD,0
1202225,207657683,2021.01.29 02:00:02,2021.01.29 06:19:34,15.27,USDCAD,0
1202214,207672321,2021.01.29 04:25:03,2021.01.29 08:33:36,0.00,EURUSD,1
1202227,207674292,2021.01.29 04:45:07,2021.01.29 09:42:30,6.31,USDJPY,0
1202227,207716883,2021.01.29 10:35:01,2021.01.29 11:38:55,30.52,USDJPY,0
1202226,207680965,2021.01.29 06:05:04,2021.01.29 11:40:40,0.08,USDCHF,0
1202204,207681749,2021.01.29 06:15:06,2021.01.29 11:46:19,0.00,AUDUSD,1
1202225,207687782,2021.01.29 07:30:02,2021.01.29 13:05:01,-14.60,USDCAD,0
1202220,207846388,2021.01.29 19:15:05,2021.01.29 20:17:26,-15.10,GBPUSD,0
1202204,207863469,2021.01.29 20:50:00,2021.02.01 00:05:00,2.84,AUDUSD,1
1202227,207745646,2021.01.29 12:30:05,2021.02.01 00:34:35,0.19,USDJPY,0
1202226,207857910,2021.01.29 20:15:01,2021.02.01 01:04:26,0.10,USDCHF,0
1202220,207922016,2021.02.01 03:55:05,2021.02.01 05:34:25,2.56,GBPUSD,0
1202204,207903458,2021.02.01 01:15:01,2021.02.01 07:38:26,-16.00,AUDUSD,1
1202220,207933518,2021.02.01 06:05:01,2021.02.01 07:55:52,3.24,GBPUSD,0
1202225,207938568,2021.02.01 07:05:02,2021.02.01 09:07:10,0.00,USDCAD,1
1202226,207925969,2021.02.01 04:30:04,2021.02.01 10:24:54,0.00,USDCHF,0
1202226,207974681,2021.02.01 10:45:02,2021.02.01 11:01:29,13.53,USDCHF,0
1202204,207996378,2021.02.01 12:10:01,2021.02.01 12:34:12,3.85,AUDUSD,1
1202226,207992561,2021.02.01 11:50:04,2021.02.01 12:31:02,2.99,USDCHF,0
1202227,207977572,2021.02.01 10:55:02,2021.02.01 12:31:09,5.72,USDJPY,0
1202204,208122709,2021.02.02 00:05:01,2021.02.02 03:24:16,-14.00,AUDUSD,1
1202226,208118579,2021.02.01 23:00:02,2021.02.02 08:38:20,0.10,USDCHF,0
1202220,208165930,2021.02.02 09:30:01,2021.02.02 10:19:54,-17.22,GBPUSD,1
1202225,208118576,2021.02.01 23:00:02,2021.02.02 10:15:00,-14.58,USDCAD,0
1202226,208165928,2021.02.02 09:30:01,2021.02.02 10:19:13,-16.17,USDCHF,0
1202214,208165889,2021.02.02 09:30:00,2021.02.02 10:36:53,-15.68,EURUSD,1
1202227,208154616,2021.02.02 07:30:01,2021.02.02 11:05:02,-12.36,USDJPY,0
1202204,208165903,2021.02.02 09:30:00,2021.02.02 15:53:52,0.06,AUDUSD,1
1202220,208227714,2021.02.02 15:40:01,2021.02.02 16:39:30,6.57,GBPUSD,1
1202204,208238744,2021.02.02 16:45:01,2021.02.02 16:52:45,8.04,AUDUSD,1
1202227,208210553,2021.02.02 13:35:00,2021.02.02 18:08:17,0.00,USDJPY,0
1202226,208210555,2021.02.02 13:35:01,2021.02.02 18:28:11,-0.04,USDCHF,0
1202204,208270143,2021.02.02 19:40:00,2021.02.02 23:45:11,-15.54,AUDUSD,1
1202220,208246833,2021.02.02 17:15:00,2021.02.03 02:50:00,-9.39,GBPUSD,1
1202225,208300007,2021.02.03 02:40:01,2021.02.03 05:10:36,-0.04,USDCAD,1
1202225,208320931,2021.02.03 07:30:01,2021.02.03 08:12:31,-15.87,USDCAD,1
1202226,208268494,2021.02.02 19:25:00,2021.02.03 11:02:09,0.12,USDCHF,0
1202214,208265822,2021.02.02 19:00:01,2021.02.03 11:05:28,-0.03,EURUSD,1
1202214,208360318,2021.02.03 11:50:00,2021.02.03 14:12:55,9.31,EURUSD,1
1202220,208364711,2021.02.03 12:15:01,2021.02.03 15:30:01,-0.12,GBPUSD,1
1202220,208470062,2021.02.03 22:10:04,2021.02.04 05:12:55,-0.35,GBPUSD,1
1202226,208366223,2021.02.03 12:25:00,2021.02.04 05:40:08,0.04,USDCHF,0
1202225,208465506,2021.02.03 21:25:01,2021.02.04 05:45:01,-10.85,USDCAD,1
1202214,208501958,2021.02.04 06:00:01,2021.02.04 09:01:33,7.50,EURUSD,1
1202220,208501021,2021.02.04 05:45:00,2021.02.04 09:01:54,8.08,GBPUSD,1
1202226,208505513,2021.02.04 07:20:02,2021.02.04 10:00:47,0.18,USDCHF,0
1202214,208526131,2021.02.04 10:50:00,2021.02.04 13:27:53,-0.05,EURUSD,1
1202227,208503716,2021.02.04 06:45:04,2021.02.04 13:59:41,17.17,USDJPY,0
1202220,208517241,2021.02.04 09:55:00,2021.02.04 14:00:29,-0.15,GBPUSD,1
1202226,208526249,2021.02.04 10:50:07,2021.02.04 14:51:20,0.00,USDCHF,0
1202214,208565042,2021.02.04 16:00:01,2021.02.04 19:22:00,18.45,EURUSD,1
1202204,208572694,2021.02.04 16:45:00,2021.02.04 21:40:16,0.00,AUDUSD,1
1202227,208565935,2021.02.04 16:05:01,2021.02.04 22:06:06,22.74,USDJPY,0
1202225,208571331,2021.02.04 16:40:00,2021.02.04 22:48:02,0.00,USDCAD,0
1202204,208612352,2021.02.04 23:45:00,2021.02.05 00:29:50,-16.75,AUDUSD,1
1202227,208609311,2021.02.04 22:40:03,2021.02.05 02:25:33,-0.19,USDJPY,0
1202220,208610472,2021.02.04 23:00:00,2021.02.05 04:35:42,-0.29,GBPUSD,0
1202214,208604394,2021.02.04 21:20:21,2021.02.05 04:42:54,0.22,EURUSD,1
1202220,208629611,2021.02.05 06:50:00,2021.02.05 08:42:23,15.54,GBPUSD,0
1202225,208629217,2021.02.05 06:35:00,2021.02.05 09:25:01,-13.65,USDCAD,0
1202214,208626270,2021.02.05 05:00:01,2021.02.05 10:06:15,-15.76,EURUSD,1
1202204,208625578,2021.02.05 04:45:00,2021.02.05 10:07:08,-15.06,AUDUSD,1
1202226,208565930,2021.02.04 16:05:01,2021.02.05 10:12:06,-0.09,USDCHF,0
1202225,208669940,2021.02.05 14:35:05,2021.02.05 15:30:20,-19.84,USDCAD,1
1202220,208643223,2021.02.05 10:15:00,2021.02.05 16:42:17,10.00,GBPUSD,0
1202227,208667687,2021.02.05 14:15:01,2021.02.05 17:30:01,-11.19,USDJPY,0
1202214,208711279,2021.02.05 19:20:04,2021.02.05 21:20:19,-0.02,EURUSD,0
1202204,208710563,2021.02.05 19:10:02,2021.02.08 00:05:01,-0.17,AUDUSD,0
1202225,208699519,2021.02.05 17:35:01,2021.02.08 00:16:26,1.12,USDCAD,1
1202220,208695413,2021.02.05 17:10:01,2021.02.08 01:01:34,0.00,GBPUSD,0
1202226,208731575,2021.02.08 01:00:00,2021.02.08 02:32:22,-16.80,USDCHF,1
1202204,208733157,2021.02.08 01:20:02,2021.02.08 08:17:16,0.00,AUDUSD,0
1202220,208735283,2021.02.08 02:05:01,2021.02.08 09:46:38,0.00,GBPUSD,0
1202225,208735489,2021.02.08 02:10:01,2021.02.08 09:50:05,0.09,USDCAD,1
1202214,208742735,2021.02.08 06:15:22,2021.02.08 10:48:31,-16.94,EURUSD,0
1202227,208759113,2021.02.08 10:35:05,2021.02.08 13:06:42,-0.09,USDJPY,0
1202226,208772153,2021.02.08 12:40:01,2021.02.08 16:32:19,-18.61,USDCHF,0
1202225,208807264,2021.02.08 17:20:02,2021.02.08 23:32:45,0.00,USDCAD,1
1202214,208821513,2021.02.08 19:10:03,2021.02.08 23:49:16,0.00,EURUSD,0
1202226,208861806,2021.02.09 00:40:04,2021.02.09 00:42:01,-16.41,USDCHF,1
1202204,208807314,2021.02.08 17:20:05,2021.02.09 01:54:37,-0.05,AUDUSD,0
1202220,208809017,2021.02.08 17:30:05,2021.02.09 02:07:31,-0.10,GBPUSD,0
1202225,208861404,2021.02.09 00:25:03,2021.02.09 02:52:33,2.59,USDCAD,1
1202214,208867331,2021.02.09 02:25:01,2021.02.09 03:29:28,10.08,EURUSD,0
1202220,208867332,2021.02.09 02:25:01,2021.02.09 04:24:14,15.76,GBPUSD,0
1202227,208868416,2021.02.09 02:35:00,2021.02.09 04:50:36,24.90,USDJPY,1
1202225,208872665,2021.02.09 03:25:01,2021.02.09 05:50:26,0.00,USDCAD,1
1202204,208870478,2021.02.09 03:00:00,2021.02.09 10:04:43,-0.24,AUDUSD,0
1202214,208877584,2021.02.09 04:20:02,2021.02.09 10:21:43,0.00,EURUSD,0
1202226,208877581,2021.02.09 04:20:02,2021.02.09 10:45:47,15.72,USDCHF,1
1202227,208881945,2021.02.09 05:10:01,2021.02.09 11:07:44,9.55,USDJPY,1
1202220,208880591,2021.02.09 04:55:01,2021.02.09 11:10:50,0.06,GBPUSD,0
1202225,208890895,2021.02.09 07:40:06,2021.02.09 11:41:56,6.03,USDCAD,1
1202227,208916378,2021.02.09 11:25:05,2021.02.09 13:01:26,0.00,USDJPY,1
1202227,208930902,2021.02.09 13:55:01,2021.02.09 17:09:02,5.34,USDJPY,1
1202226,208914754,2021.02.09 11:15:01,2021.02.09 17:06:28,-0.20,USDCHF,1
1202226,208966430,2021.02.09 19:00:01,2021.02.09 20:50:55,-0.09,USDCHF,1
1202214,208966447,2021.02.09 19:00:01,2021.02.09 21:33:00,8.01,EURUSD,0
1202220,208953919,2021.02.09 17:15:00,2021.02.09 21:37:07,10.25,GBPUSD,0
1202226,208991046,2021.02.09 21:20:00,2021.02.09 22:57:32,0.00,USDCHF,1
1202204,208993924,2021.02.09 21:35:13,2021.02.10 00:05:01,-1.84,AUDUSD,0
1202225,208965215,2021.02.09 18:50:01,2021.02.10 00:05:26,-0.92,USDCAD,1
1202204,209016981,2021.02.10 01:20:01,2021.02.10 07:38:03,0.00,AUDUSD,0
1202220,209010939,2021.02.09 23:25:00,2021.02.10 08:57:14,-0.20,GBPUSD,0
1202227,208958003,2021.02.09 17:50:01,2021.02.10 09:32:37,-0.30,USDJPY,1
1202214,209003632,2021.02.09 22:35:00,2021.02.10 10:37:30,11.58,EURUSD,0
1202225,209061326,2021.02.10 09:25:04,2021.02.10 11:25:27,0.00,USDCAD,1
1202226,209055870,2021.02.10 08:50:00,2021.02.10 11:39:38,-0.45,USDCHF,1
1202227,209066918,2021.02.10 09:50:04,2021.02.10 11:41:38,-16.08,USDJPY,1
1202204,209052652,2021.02.10 08:10:03,2021.02.10 11:53:54,-16.08,AUDUSD,0
1202226,209109460,2021.02.10 13:55:20,2021.02.10 14:37:31,-16.41,USDCHF,1
1202220,209080521,2021.02.10 10:40:01,2021.02.10 16:30:42,9.95,GBPUSD,0
1202225,209135298,2021.02.10 16:30:00,2021.02.10 17:08:11,3.70,USDCAD,1
1202225,209162240,2021.02.10 18:15:00,2021.02.10 22:50:00,-14.66,USDCAD,1
1202220,209179135,2021.02.10 20:05:01,2021.02.10 22:54:30,-17.71,GBPUSD,0
1202227,209196756,2021.02.10 23:05:34,2021.02.11 00:56:35,-2.97,USDJPY,1
1202225,209231051,2021.02.11 07:55:05,2021.02.11 09:59:45,0.06,USDCAD,1
1202227,209234398,2021.02.11 08:55:06,2021.02.11 10:07:08,-16.40,USDJPY,1
1202220,209229108,2021.02.11 07:10:00,2021.02.11 10:30:00,-14.40,GBPUSD,0
1202204,209228343,2021.02.11 06:55:20,2021.02.11 10:54:23,-0.06,AUDUSD,0
1202225,209263269,2021.02.11 13:25:00,2021.02.11 14:43:26,0.00,USDCAD,1
1202226,209168495,2021.02.10 18:50:00,2021.02.11 15:11:35,-1.26,USDCHF,1
1202204,209271473,2021.02.11 15:05:00,2021.02.11 16:53:35,0.00,AUDUSD,0
1202225,209272618,2021.02.11 15:10:03,2021.02.11 18:07:20,-16.87,USDCAD,1
1202214,209273459,2021.02.11 15:15:01,2021.02.12 05:00:01,-14.30,EURUSD,0
1202225,209343108,2021.02.12 08:50:01,2021.02.12 10:42:18,17.26,USDCAD,0
1202225,209359255,2021.02.12 11:15:01,2021.02.12 17:39:59,-16.99,USDCAD,0
1202220,209396296,2021.02.12 17:30:01,2021.02.12 17:51:31,4.17,GBPUSD,0
1202220,209406147,2021.02.12 18:35:00,2021.02.12 19:11:18,1.22,GBPUSD,0
